-270,-265,-260,-255,-250,-245,-240,-235,-230,-225,-220,-215,-210,-205,-200,-195,-190,-185,-180,-175,-170,-165,-160,-155,-150,-145,-140,-135,-130,-125,-120,-115,-110,-105,-100,-95,-90,-85,-80,-75,-70,-65,-60,-55,-50,-45,-40,-35,-30,-25,-20,-15,-10,-5,0,5,10,15,20,25,30,35,40,45,50,55,60,65,70,75,80,85,90
-26.038,-26.038,-26.038,-26.038,-26.038,-26.038,-26.038,-26.038,-26.038,-26.038,-26.038,-26.038,-26.038,-26.038,-26.038,-26.038,-26.038,-26.038,-26.038,-23.768,-21.516,-19.298,-17.132,-15.033,-13.019,-11.103,-9.3012,-7.6261,-6.0911,-4.7084,-3.4883,-2.4393,-1.5697,-0.88736,-0.39575,-0.098674,0,-0.098674,-0.39575,-0.88736,-1.5697,-2.4393,-3.4883,-4.7084,-6.0911,-7.6261,-9.3012,-11.103,-13.019,-15.033,-17.132,-19.298,-21.516,-23.768,-26.038,-26.038,-26.038,-26.038,-26.038,-26.038,-26.038,-26.038,-26.038,-26.038,-26.038,-26.038,-26.038,-26.038,-26.038,-26.038,-26.038,-26.038,-26.038
39.831,39.831,39.831,39.831,39.831,39.831,39.831,39.831,39.831,39.831,39.831,39.831,39.831,39.831,39.831,39.831,39.831,39.831,39.831,36.359,32.914,29.522,26.208,22.998,19.916,16.985,14.228,11.666,9.319,7.2037,5.3367,3.7321,2.4022,1.3573,0.60502,0.15199,0,0.15199,0.60502,1.3573,2.4022,3.7321,5.3367,7.2037,9.319,11.666,14.228,16.985,19.916,22.998,26.208,29.522,32.914,36.359,39.831,39.831,39.831,39.831,39.831,39.831,39.831,39.831,39.831,39.831,39.831,39.831,39.831,39.831,39.831,39.831,39.831,39.831,39.831
-20.873,-20.873,-20.873,-20.873,-20.873,-20.873,-20.873,-20.873,-20.873,-20.873,-20.873,-20.873,-20.873,-20.873,-20.873,-20.873,-20.873,-20.873,-20.873,-19.054,-17.248,-15.471,-13.734,-12.052,-10.437,-8.9004,-7.4559,-6.1139,-4.8832,-3.7744,-2.7962,-1.9554,-1.2588,-0.71114,-0.31736,-0.079336,0,-0.079336,-0.31736,-0.71114,-1.2588,-1.9554,-2.7962,-3.7744,-4.8832,-6.1139,-7.4559,-8.9004,-10.437,-12.052,-13.734,-15.471,-17.248,-19.054,-20.873,-20.873,-20.873,-20.873,-20.873,-20.873,-20.873,-20.873,-20.873,-20.873,-20.873,-20.873,-20.873,-20.873,-20.873,-20.873,-20.873,-20.873,-20.873
63.156,63.156,63.156,63.156,63.156,63.156,63.156,63.156,63.156,63.156,63.156,63.156,63.156,63.156,63.156,63.156,63.156,63.156,63.156,57.652,52.19,46.81,41.556,36.465,31.578,26.932,22.56,18.498,14.775,11.422,8.4608,5.917,3.8093,2.1523,0.95998,0.24024,0,0.24024,0.95998,2.1523,3.8093,5.917,8.4608,11.422,14.775,18.498,22.56,26.932,31.578,36.465,41.556,46.81,52.19,57.652,63.156,63.156,63.156,63.156,63.156,63.156,63.156,63.156,63.156,63.156,63.156,63.156,63.156,63.156,63.156,63.156,63.156,63.156,63.156
28.116,28.116,28.116,28.116,28.116,28.116,28.116,28.116,28.116,28.116,28.116,28.116,28.116,28.116,28.116,28.116,28.116,28.116,28.116,25.665,23.234,20.839,18.5,16.234,14.058,11.989,10.044,8.2346,6.5783,5.0845,3.7671,2.634,1.6954,0.95762,0.42703,0.10724,0,0.10724,0.42703,0.95762,1.6954,2.634,3.7671,5.0845,6.5783,8.2346,10.044,11.989,14.058,16.234,18.5,20.839,23.234,25.665,28.116,28.116,28.116,28.116,28.116,28.116,28.116,28.116,28.116,28.116,28.116,28.116,28.116,28.116,28.116,28.116,28.116,28.116,28.116
60.287,60.287,60.287,60.287,60.287,60.287,60.287,60.287,60.287,60.287,60.287,60.287,60.287,60.287,60.287,60.287,60.287,60.287,60.287,55.032,49.818,44.684,39.667,34.808,30.143,25.708,21.535,17.658,14.104,10.903,8.0772,5.6481,3.6355,2.0546,0.91582,0.22915,0,0.22915,0.91582,2.0546,3.6355,5.6481,8.0772,10.903,14.104,17.658,21.535,25.708,30.143,34.808,39.667,44.684,49.818,55.032,60.287,60.287,60.287,60.287,60.287,60.287,60.287,60.287,60.287,60.287,60.287,60.287,60.287,60.287,60.287,60.287,60.287,60.287,60.287
57.628,57.628,57.628,57.628,57.628,57.628,57.628,57.628,57.628,57.628,57.628,57.628,57.628,57.628,57.628,57.628,57.628,57.628,57.628,52.606,47.621,42.713,37.919,33.274,28.815,24.574,20.585,16.879,13.482,10.422,7.7206,5.3995,3.4758,1.9637,0.87563,0.21914,0,0.21914,0.87563,1.9637,3.4758,5.3995,7.7206,10.422,13.482,16.879,20.585,24.574,28.815,33.274,37.919,42.713,47.621,52.606,57.628,57.628,57.628,57.628,57.628,57.628,57.628,57.628,57.628,57.628,57.628,57.628,57.628,57.628,57.628,57.628,57.628,57.628,57.628
35.373,35.373,35.373,35.373,35.373,35.373,35.373,35.373,35.373,35.373,35.373,35.373,35.373,35.373,35.373,35.373,35.373,35.373,35.373,32.29,29.23,26.218,23.275,20.424,17.687,15.083,12.636,10.361,8.276,6.3974,4.7387,3.3146,2.1337,1.2052,0.53723,0.13428,0,0.13428,0.53723,1.2052,2.1337,3.3146,4.7387,6.3974,8.276,10.361,12.636,15.083,17.687,20.424,23.275,26.218,29.23,32.29,35.373,35.373,35.373,35.373,35.373,35.373,35.373,35.373,35.373,35.373,35.373,35.373,35.373,35.373,35.373,35.373,35.373,35.373,35.373
-13.552,-13.552,-13.552,-13.552,-13.552,-13.552,-13.552,-13.552,-13.552,-13.552,-13.552,-13.552,-13.552,-13.552,-13.552,-13.552,-13.552,-13.552,-13.552,-12.371,-11.199,-10.045,-8.9175,-7.8243,-6.7757,-5.7793,-4.8411,-3.9689,-3.1709,-2.4514,-1.8157,-1.2695,-0.81769,-0.46218,-0.20623,-0.051279,0,-0.051279,-0.20623,-0.46218,-0.81769,-1.2695,-1.8157,-2.4514,-3.1709,-3.9689,-4.8411,-5.7793,-6.7757,-7.8243,-8.9175,-10.045,-11.199,-12.371,-13.552,-13.552,-13.552,-13.552,-13.552,-13.552,-13.552,-13.552,-13.552,-13.552,-13.552,-13.552,-13.552,-13.552,-13.552,-13.552,-13.552,-13.552,-13.552
-38.569,-38.569,-38.569,-38.569,-38.569,-38.569,-38.569,-38.569,-38.569,-38.569,-38.569,-38.569,-38.569,-38.569,-38.569,-38.569,-38.569,-38.569,-38.569,-35.207,-31.872,-28.587,-25.377,-22.268,-19.284,-16.447,-13.777,-11.297,-9.0232,-6.9753,-5.1673,-3.6131,-2.3258,-1.3144,-0.58596,-0.14649,0,-0.14649,-0.58596,-1.3144,-2.3258,-3.6131,-5.1673,-6.9753,-9.0232,-11.297,-13.777,-16.447,-19.284,-22.268,-25.377,-28.587,-31.872,-35.207,-38.569,-38.569,-38.569,-38.569,-38.569,-38.569,-38.569,-38.569,-38.569,-38.569,-38.569,-38.569,-38.569,-38.569,-38.569,-38.569,-38.569,-38.569,-38.569
-94.249,-94.249,-94.249,-94.249,-94.249,-94.249,-94.249,-94.249,-94.249,-94.249,-94.249,-94.249,-94.249,-94.249,-94.249,-94.249,-94.249,-94.249,-94.249,-86.035,-77.883,-69.856,-62.014,-54.418,-47.125,-40.191,-33.667,-27.605,-22.051,-17.045,-12.627,-8.8306,-5.6836,-3.2117,-1.4316,-0.3584,0,-0.3584,-1.4316,-3.2117,-5.6836,-8.8306,-12.627,-17.045,-22.051,-27.605,-33.667,-40.191,-47.125,-54.418,-62.014,-69.856,-77.883,-86.035,-94.249,-94.249,-94.249,-94.249,-94.249,-94.249,-94.249,-94.249,-94.249,-94.249,-94.249,-94.249,-94.249,-94.249,-94.249,-94.249,-94.249,-94.249,-94.249
-0.89024,-0.89024,-0.89024,-0.89024,-0.89024,-0.89024,-0.89024,-0.89024,-0.89024,-0.89024,-0.89024,-0.89024,-0.89024,-0.89024,-0.89024,-0.89024,-0.89024,-0.89024,-0.89024,-0.81228,-0.73554,-0.66026,-0.58566,-0.51402,-0.44462,-0.37976,-0.31779,-0.26109,-0.20809,-0.16127,-0.11915,-0.083309,-0.053395,-0.030107,-0.013214,-0.0035449,0,-0.0035449,-0.013214,-0.030107,-0.053395,-0.083309,-0.11915,-0.16127,-0.20809,-0.26109,-0.31779,-0.37976,-0.44462,-0.51402,-0.58566,-0.66026,-0.73554,-0.81228,-0.89024,-0.89024,-0.89024,-0.89024,-0.89024,-0.89024,-0.89024,-0.89024,-0.89024,-0.89024,-0.89024,-0.89024,-0.89024,-0.89024,-0.89024,-0.89024,-0.89024,-0.89024,-0.89024
-126.25,-126.25,-126.25,-126.25,-126.25,-126.25,-126.25,-126.25,-126.25,-126.25,-126.25,-126.25,-126.25,-126.25,-126.25,-126.25,-126.25,-126.25,-126.25,-115.25,-104.33,-93.576,-83.072,-72.896,-63.126,-53.837,-45.099,-36.979,-29.538,-22.832,-16.914,-11.829,-7.6142,-4.3018,-1.9181,-0.48007,0,-0.48007,-1.9181,-4.3018,-7.6142,-11.829,-16.914,-22.832,-29.538,-36.979,-45.099,-53.837,-63.126,-72.896,-83.072,-93.576,-104.33,-115.25,-126.25,-126.25,-126.25,-126.25,-126.25,-126.25,-126.25,-126.25,-126.25,-126.25,-126.25,-126.25,-126.25,-126.25,-126.25,-126.25,-126.25,-126.25,-126.25
2.0582,2.0582,2.0582,2.0582,2.0582,2.0582,2.0582,2.0582,2.0582,2.0582,2.0582,2.0582,2.0582,2.0582,2.0582,2.0582,2.0582,2.0582,2.0582,1.8796,1.7012,1.5261,1.3544,1.1883,1.0296,0.87837,0.73538,0.60336,0.48192,0.37251,0.27546,0.19293,0.12392,0.07026,0.031606,0.0074251,0,0.0074251,0.031606,0.07026,0.12392,0.19293,0.27546,0.37251,0.48192,0.60336,0.73538,0.87837,1.0296,1.1883,1.3544,1.5261,1.7012,1.8796,2.0582,2.0582,2.0582,2.0582,2.0582,2.0582,2.0582,2.0582,2.0582,2.0582,2.0582,2.0582,2.0582,2.0582,2.0582,2.0582,2.0582,2.0582,2.0582
-22.88,-22.88,-22.88,-22.88,-22.88,-22.88,-22.88,-22.88,-22.88,-22.88,-22.88,-22.88,-22.88,-22.88,-22.88,-22.88,-22.88,-22.88,-22.88,-20.886,-18.908,-16.959,-15.055,-13.211,-11.44,-9.7566,-8.1736,-6.7018,-5.3534,-4.1377,-3.0651,-2.1435,-1.3801,-0.77925,-0.34782,-0.086911,0,-0.086911,-0.34782,-0.77925,-1.3801,-2.1435,-3.0651,-4.1377,-5.3534,-6.7018,-8.1736,-9.7566,-11.44,-13.211,-15.055,-16.959,-18.908,-20.886,-22.88,-22.88,-22.88,-22.88,-22.88,-22.88,-22.88,-22.88,-22.88,-22.88,-22.88,-22.88,-22.88,-22.88,-22.88,-22.88,-22.88,-22.88,-22.88
11.774,11.774,11.774,11.774,11.774,11.774,11.774,11.774,11.774,11.774,11.774,11.774,11.774,11.774,11.774,11.774,11.774,11.774,11.774,10.748,9.7297,8.727,7.7477,6.7982,5.8876,5.0212,4.2063,3.4483,2.7545,2.1293,1.5773,1.1031,0.71008,0.40111,0.17888,0.04521,0,0.04521,0.17888,0.40111,0.71008,1.1031,1.5773,2.1293,2.7545,3.4483,4.2063,5.0212,5.8876,6.7982,7.7477,8.727,9.7297,10.748,11.774,11.774,11.774,11.774,11.774,11.774,11.774,11.774,11.774,11.774,11.774,11.774,11.774,11.774,11.774,11.774,11.774,11.774,11.774
-33.653,-33.653,-33.653,-33.653,-33.653,-33.653,-33.653,-33.653,-33.653,-33.653,-33.653,-33.653,-33.653,-33.653,-33.653,-33.653,-33.653,-33.653,-33.653,-30.72,-27.809,-24.942,-22.143,-19.43,-16.826,-14.351,-12.022,-9.8564,-7.8731,-6.0856,-4.5082,-3.153,-2.0295,-1.1471,-0.51138,-0.12808,0,-0.12808,-0.51138,-1.1471,-2.0295,-3.153,-4.5082,-6.0856,-7.8731,-9.8564,-12.022,-14.351,-16.826,-19.43,-22.143,-24.942,-27.809,-30.72,-33.653,-33.653,-33.653,-33.653,-33.653,-33.653,-33.653,-33.653,-33.653,-33.653,-33.653,-33.653,-33.653,-33.653,-33.653,-33.653,-33.653,-33.653,-33.653
-17.859,-17.859,-17.859,-17.859,-17.859,-17.859,-17.859,-17.859,-17.859,-17.859,-17.859,-17.859,-17.859,-17.859,-17.859,-17.859,-17.859,-17.859,-17.859,-16.302,-14.758,-13.237,-11.75,-10.311,-8.9295,-7.6151,-6.3792,-5.2311,-4.1778,-3.2295,-2.3921,-1.6736,-1.0766,-0.60867,-0.27142,-0.068121,0,-0.068121,-0.27142,-0.60867,-1.0766,-1.6736,-2.3921,-3.2295,-4.1778,-5.2311,-6.3792,-7.6151,-8.9295,-10.311,-11.75,-13.237,-14.758,-16.302,-17.859,-17.859,-17.859,-17.859,-17.859,-17.859,-17.859,-17.859,-17.859,-17.859,-17.859,-17.859,-17.859,-17.859,-17.859,-17.859,-17.859,-17.859,-17.859
-45.095,-45.095,-45.095,-45.095,-45.095,-45.095,-45.095,-45.095,-45.095,-45.095,-45.095,-45.095,-45.095,-45.095,-45.095,-45.095,-45.095,-45.095,-45.095,-41.164,-37.264,-33.423,-29.671,-26.037,-22.548,-19.229,-16.109,-13.207,-10.55,-8.1556,-6.042,-4.2253,-2.7195,-1.5368,-0.68515,-0.17154,0,-0.17154,-0.68515,-1.5368,-2.7195,-4.2253,-6.042,-8.1556,-10.55,-13.207,-16.109,-19.229,-22.548,-26.037,-29.671,-33.423,-37.264,-41.164,-45.095,-45.095,-45.095,-45.095,-45.095,-45.095,-45.095,-45.095,-45.095,-45.095,-45.095,-45.095,-45.095,-45.095,-45.095,-45.095,-45.095,-45.095,-45.095
20.357,20.357,20.357,20.357,20.357,20.357,20.357,20.357,20.357,20.357,20.357,20.357,20.357,20.357,20.357,20.357,20.357,20.357,20.357,18.583,16.822,15.089,13.395,11.753,10.178,8.6808,7.272,5.9622,4.7627,3.6819,2.7269,1.9068,1.2274,0.69339,0.30942,0.077877,0,0.077877,0.30942,0.69339,1.2274,1.9068,2.7269,3.6819,4.7627,5.9622,7.272,8.6808,10.178,11.753,13.395,15.089,16.822,18.583,20.357,20.357,20.357,20.357,20.357,20.357,20.357,20.357,20.357,20.357,20.357,20.357,20.357,20.357,20.357,20.357,20.357,20.357,20.357
91.679,91.679,91.679,91.679,91.679,91.679,91.679,91.679,91.679,91.679,91.679,91.679,91.679,91.679,91.679,91.679,91.679,91.679,91.679,83.688,75.759,67.951,60.323,52.934,45.84,39.094,32.749,26.852,21.449,16.58,12.283,8.5892,5.5287,3.1235,1.3931,0.34847,0,0.34847,1.3931,3.1235,5.5287,8.5892,12.283,16.58,21.449,26.852,32.749,39.094,45.84,52.934,60.323,67.951,75.759,83.688,91.679,91.679,91.679,91.679,91.679,91.679,91.679,91.679,91.679,91.679,91.679,91.679,91.679,91.679,91.679,91.679,91.679,91.679,91.679
94.571,94.571,94.571,94.571,94.571,94.571,94.571,94.571,94.571,94.571,94.571,94.571,94.571,94.571,94.571,94.571,94.571,94.571,94.571,86.329,78.149,70.094,62.226,54.604,47.286,40.327,33.782,27.699,22.126,17.103,12.67,8.8608,5.7029,3.2223,1.437,0.35973,0,0.35973,1.437,3.2223,5.7029,8.8608,12.67,17.103,22.126,27.699,33.782,40.327,47.286,54.604,62.226,70.094,78.149,86.329,94.571,94.571,94.571,94.571,94.571,94.571,94.571,94.571,94.571,94.571,94.571,94.571,94.571,94.571,94.571,94.571,94.571,94.571,94.571
61.906,61.906,61.906,61.906,61.906,61.906,61.906,61.906,61.906,61.906,61.906,61.906,61.906,61.906,61.906,61.906,61.906,61.906,61.906,56.51,51.156,45.883,40.733,35.743,30.953,26.398,22.113,18.132,14.483,11.195,8.2936,5.8004,3.7331,2.1091,0.94004,0.23575,0,0.23575,0.94004,2.1091,3.7331,5.8004,8.2936,11.195,14.483,18.132,22.113,26.398,30.953,35.743,40.733,45.883,51.156,56.51,61.906,61.906,61.906,61.906,61.906,61.906,61.906,61.906,61.906,61.906,61.906,61.906,61.906,61.906,61.906,61.906,61.906,61.906,61.906
95.487,95.487,95.487,95.487,95.487,95.487,95.487,95.487,95.487,95.487,95.487,95.487,95.487,95.487,95.487,95.487,95.487,95.487,95.487,87.164,78.906,70.772,62.829,55.132,47.743,40.717,34.109,27.967,22.34,17.269,12.793,8.9463,5.7589,3.2537,1.451,0.36323,0,0.36323,1.451,3.2537,5.7589,8.9463,12.793,17.269,22.34,27.967,34.109,40.717,47.743,55.132,62.829,70.772,78.906,87.164,95.487,95.487,95.487,95.487,95.487,95.487,95.487,95.487,95.487,95.487,95.487,95.487,95.487,95.487,95.487,95.487,95.487,95.487,95.487
-32.048,-32.048,-32.048,-32.048,-32.048,-32.048,-32.048,-32.048,-32.048,-32.048,-32.048,-32.048,-32.048,-32.048,-32.048,-32.048,-32.048,-32.048,-32.048,-29.255,-26.483,-23.753,-21.086,-18.504,-16.023,-13.666,-11.448,-9.3863,-7.4976,-5.7957,-4.2933,-3.0026,-1.9326,-1.0921,-0.48713,-0.12178,0,-0.12178,-0.48713,-1.0921,-1.9326,-3.0026,-4.2933,-5.7957,-7.4976,-9.3863,-11.448,-13.666,-16.023,-18.504,-21.086,-23.753,-26.483,-29.255,-32.048,-32.048,-32.048,-32.048,-32.048,-32.048,-32.048,-32.048,-32.048,-32.048,-32.048,-32.048,-32.048,-32.048,-32.048,-32.048,-32.048,-32.048,-32.048
-112.22,-112.22,-112.22,-112.22,-112.22,-112.22,-112.22,-112.22,-112.22,-112.22,-112.22,-112.22,-112.22,-112.22,-112.22,-112.22,-112.22,-112.22,-112.22,-102.44,-92.736,-83.177,-73.841,-64.795,-56.112,-47.854,-40.087,-32.869,-26.255,-20.295,-15.035,-10.514,-6.768,-3.8241,-1.7052,-0.42666,0,-0.42666,-1.7052,-3.8241,-6.768,-10.514,-15.035,-20.295,-26.255,-32.869,-40.087,-47.854,-56.112,-64.795,-73.841,-83.177,-92.736,-102.44,-112.22,-112.22,-112.22,-112.22,-112.22,-112.22,-112.22,-112.22,-112.22,-112.22,-112.22,-112.22,-112.22,-112.22,-112.22,-112.22,-112.22,-112.22,-112.22
-112.37,-112.37,-112.37,-112.37,-112.37,-112.37,-112.37,-112.37,-112.37,-112.37,-112.37,-112.37,-112.37,-112.37,-112.37,-112.37,-112.37,-112.37,-112.37,-102.58,-92.857,-83.287,-73.937,-64.88,-56.185,-47.917,-40.14,-32.912,-26.29,-20.322,-15.054,-10.528,-6.7772,-3.8293,-1.7074,-0.42786,0,-0.42786,-1.7074,-3.8293,-6.7772,-10.528,-15.054,-20.322,-26.29,-32.912,-40.14,-47.917,-56.185,-64.88,-73.937,-83.287,-92.857,-102.58,-112.37,-112.37,-112.37,-112.37,-112.37,-112.37,-112.37,-112.37,-112.37,-112.37,-112.37,-112.37,-112.37,-112.37,-112.37,-112.37,-112.37,-112.37,-112.37
-130.87,-130.87,-130.87,-130.87,-130.87,-130.87,-130.87,-130.87,-130.87,-130.87,-130.87,-130.87,-130.87,-130.87,-130.87,-130.87,-130.87,-130.87,-130.87,-119.46,-108.14,-96.996,-86.108,-75.56,-65.434,-55.805,-46.747,-38.331,-30.617,-23.667,-17.533,-12.261,-7.8927,-4.4588,-1.9885,-0.4976,0,-0.4976,-1.9885,-4.4588,-7.8927,-12.261,-17.533,-23.667,-30.617,-38.331,-46.747,-55.805,-65.434,-75.56,-86.108,-96.996,-108.14,-119.46,-130.87,-130.87,-130.87,-130.87,-130.87,-130.87,-130.87,-130.87,-130.87,-130.87,-130.87,-130.87,-130.87,-130.87,-130.87,-130.87,-130.87,-130.87,-130.87
-107.11,-107.11,-107.11,-107.11,-107.11,-107.11,-107.11,-107.11,-107.11,-107.11,-107.11,-107.11,-107.11,-107.11,-107.11,-107.11,-107.11,-107.11,-107.11,-97.778,-88.513,-79.39,-70.478,-61.845,-53.556,-45.676,-38.262,-31.372,-25.059,-19.371,-14.351,-10.036,-6.4592,-3.65,-1.6276,-0.4079,0,-0.4079,-1.6276,-3.65,-6.4592,-10.036,-14.351,-19.371,-25.059,-31.372,-38.262,-45.676,-53.556,-61.845,-70.478,-79.39,-88.513,-97.778,-107.11,-107.11,-107.11,-107.11,-107.11,-107.11,-107.11,-107.11,-107.11,-107.11,-107.11,-107.11,-107.11,-107.11,-107.11,-107.11,-107.11,-107.11,-107.11
-45.814,-45.814,-45.814,-45.814,-45.814,-45.814,-45.814,-45.814,-45.814,-45.814,-45.814,-45.814,-45.814,-45.814,-45.814,-45.814,-45.814,-45.814,-45.814,-41.82,-37.858,-33.956,-30.144,-26.452,-22.907,-19.536,-16.365,-13.419,-10.718,-8.2852,-6.1382,-4.2928,-2.7632,-1.5614,-0.69625,-0.17434,0,-0.17434,-0.69625,-1.5614,-2.7632,-4.2928,-6.1382,-8.2852,-10.718,-13.419,-16.365,-19.536,-22.907,-26.452,-30.144,-33.956,-37.858,-41.82,-45.814,-45.814,-45.814,-45.814,-45.814,-45.814,-45.814,-45.814,-45.814,-45.814,-45.814,-45.814,-45.814,-45.814,-45.814,-45.814,-45.814,-45.814,-45.814
61.374,61.374,61.374,61.374,61.374,61.374,61.374,61.374,61.374,61.374,61.374,61.374,61.374,61.374,61.374,61.374,61.374,61.374,61.374,56.025,50.716,45.489,40.383,35.436,30.687,26.171,21.923,17.976,14.358,11.099,8.2227,5.7502,3.7017,2.0913,0.93228,0.23383,0,0.23383,0.93228,2.0913,3.7017,5.7502,8.2227,11.099,14.358,17.976,21.923,26.171,30.687,35.436,40.383,45.489,50.716,56.025,61.374,61.374,61.374,61.374,61.374,61.374,61.374,61.374,61.374,61.374,61.374,61.374,61.374,61.374,61.374,61.374,61.374,61.374,61.374
57.446,57.446,57.446,57.446,57.446,57.446,57.446,57.446,57.446,57.446,57.446,57.446,57.446,57.446,57.446,57.446,57.446,57.446,57.446,52.44,47.471,42.578,37.798,33.169,28.723,24.497,20.521,16.826,13.44,10.389,7.6961,5.3827,3.4641,1.9571,0.87271,0.21814,0,0.21814,0.87271,1.9571,3.4641,5.3827,7.6961,10.389,13.44,16.826,20.521,24.497,28.723,33.169,37.798,42.578,47.471,52.44,57.446,57.446,57.446,57.446,57.446,57.446,57.446,57.446,57.446,57.446,57.446,57.446,57.446,57.446,57.446,57.446,57.446,57.446,57.446
50.333,50.333,50.333,50.333,50.333,50.333,50.333,50.333,50.333,50.333,50.333,50.333,50.333,50.333,50.333,50.333,50.333,50.333,50.333,45.946,41.592,37.305,33.118,29.061,25.166,21.463,17.979,14.742,11.775,9.1028,6.7437,4.7155,3.0352,1.7146,0.76509,0.19199,0,0.19199,0.76509,1.7146,3.0352,4.7155,6.7437,9.1028,11.775,14.742,17.979,21.463,25.166,29.061,33.118,37.305,41.592,45.946,50.333,50.333,50.333,50.333,50.333,50.333,50.333,50.333,50.333,50.333,50.333,50.333,50.333,50.333,50.333,50.333,50.333,50.333,50.333
11.707,11.707,11.707,11.707,11.707,11.707,11.707,11.707,11.707,11.707,11.707,11.707,11.707,11.707,11.707,11.707,11.707,11.707,11.707,10.687,9.6745,8.6772,7.7038,6.76,5.8536,4.9924,4.1824,3.4288,2.7388,2.1176,1.569,1.0965,0.70612,0.3989,0.17811,0.044252,0,0.044252,0.17811,0.3989,0.70612,1.0965,1.569,2.1176,2.7388,3.4288,4.1824,4.9924,5.8536,6.76,7.7038,8.6772,9.6745,10.687,11.707,11.707,11.707,11.707,11.707,11.707,11.707,11.707,11.707,11.707,11.707,11.707,11.707,11.707,11.707,11.707,11.707,11.707,11.707
-115.11,-115.11,-115.11,-115.11,-115.11,-115.11,-115.11,-115.11,-115.11,-115.11,-115.11,-115.11,-115.11,-115.11,-115.11,-115.11,-115.11,-115.11,-115.11,-105.08,-95.125,-85.321,-75.743,-66.465,-57.557,-49.087,-41.121,-33.717,-26.932,-20.818,-15.422,-10.785,-6.9425,-3.9229,-1.7488,-0.43773,0,-0.43773,-1.7488,-3.9229,-6.9425,-10.785,-15.422,-20.818,-26.932,-33.717,-41.121,-49.087,-57.557,-66.465,-75.743,-85.321,-95.125,-105.08,-115.11,-115.11,-115.11,-115.11,-115.11,-115.11,-115.11,-115.11,-115.11,-115.11,-115.11,-115.11,-115.11,-115.11,-115.11,-115.11,-115.11,-115.11,-115.11
-9.3187,-9.3187,-9.3187,-9.3187,-9.3187,-9.3187,-9.3187,-9.3187,-9.3187,-9.3187,-9.3187,-9.3187,-9.3187,-9.3187,-9.3187,-9.3187,-9.3187,-9.3187,-9.3187,-8.5065,-7.7008,-6.9073,-6.1316,-5.3802,-4.6594,-3.9736,-3.329,-2.7296,-2.1805,-1.6853,-1.2487,-0.87303,-0.56154,-0.31721,-0.14184,-0.034988,0,-0.034988,-0.14184,-0.31721,-0.56154,-0.87303,-1.2487,-1.6853,-2.1805,-2.7296,-3.329,-3.9736,-4.6594,-5.3802,-6.1316,-6.9073,-7.7008,-8.5065,-9.3187,-9.3187,-9.3187,-9.3187,-9.3187,-9.3187,-9.3187,-9.3187,-9.3187,-9.3187,-9.3187,-9.3187,-9.3187,-9.3187,-9.3187,-9.3187,-9.3187,-9.3187,-9.3187
50.172,50.172,50.172,50.172,50.172,50.172,50.172,50.172,50.172,50.172,50.172,50.172,50.172,50.172,50.172,50.172,50.172,50.172,50.172,45.799,41.46,37.186,33.012,28.968,25.085,21.394,17.922,14.695,11.738,9.0738,6.7218,4.7011,3.0261,1.7099,0.76253,0.19135,0,0.19135,0.76253,1.7099,3.0261,4.7011,6.7218,9.0738,11.738,14.695,17.922,21.394,25.085,28.968,33.012,37.186,41.46,45.799,50.172,50.172,50.172,50.172,50.172,50.172,50.172,50.172,50.172,50.172,50.172,50.172,50.172,50.172,50.172,50.172,50.172,50.172,50.172
43.996,43.996,43.996,43.996,43.996,43.996,43.996,43.996,43.996,43.996,43.996,43.996,43.996,43.996,43.996,43.996,43.996,43.996,43.996,40.161,36.356,32.609,28.948,25.403,21.998,18.761,15.716,12.886,10.293,7.9561,5.8941,4.1223,2.6532,1.4995,0.66795,0.16695,0,0.16695,0.66795,1.4995,2.6532,4.1223,5.8941,7.9561,10.293,12.886,15.716,18.761,21.998,25.403,28.948,32.609,36.356,40.161,43.996,43.996,43.996,43.996,43.996,43.996,43.996,43.996,43.996,43.996,43.996,43.996,43.996,43.996,43.996,43.996,43.996,43.996,43.996
50.394,50.394,50.394,50.394,50.394,50.394,50.394,50.394,50.394,50.394,50.394,50.394,50.394,50.394,50.394,50.394,50.394,50.394,50.394,46.002,41.643,37.351,33.158,29.097,25.197,21.489,18.002,14.76,11.79,9.1138,6.7514,4.7211,3.0395,1.7171,0.76603,0.19147,0,0.19147,0.76603,1.7171,3.0395,4.7211,6.7514,9.1138,11.79,14.76,18.002,21.489,25.197,29.097,33.158,37.351,41.643,46.002,50.394,50.394,50.394,50.394,50.394,50.394,50.394,50.394,50.394,50.394,50.394,50.394,50.394,50.394,50.394,50.394,50.394,50.394,50.394
45.143,45.143,45.143,45.143,45.143,45.143,45.143,45.143,45.143,45.143,45.143,45.143,45.143,45.143,45.143,45.143,45.143,45.143,45.143,41.208,37.304,33.459,29.703,26.064,22.571,19.25,16.125,13.222,10.562,8.1641,6.0481,4.2297,2.7228,1.5378,0.6855,0.17214,0,0.17214,0.6855,1.5378,2.7228,4.2297,6.0481,8.1641,10.562,13.222,16.125,19.25,22.571,26.064,29.703,33.459,37.304,41.208,45.143,45.143,45.143,45.143,45.143,45.143,45.143,45.143,45.143,45.143,45.143,45.143,45.143,45.143,45.143,45.143,45.143,45.143,45.143
-20.745,-20.745,-20.745,-20.745,-20.745,-20.745,-20.745,-20.745,-20.745,-20.745,-20.745,-20.745,-20.745,-20.745,-20.745,-20.745,-20.745,-20.745,-20.745,-18.937,-17.143,-15.376,-13.65,-11.977,-10.372,-8.8464,-7.4108,-6.0762,-4.8536,-3.7516,-2.7789,-1.9432,-1.2509,-0.70645,-0.31517,-0.079304,0,-0.079304,-0.31517,-0.70645,-1.2509,-1.9432,-2.7789,-3.7516,-4.8536,-6.0762,-7.4108,-8.8464,-10.372,-11.977,-13.65,-15.376,-17.143,-18.937,-20.745,-20.745,-20.745,-20.745,-20.745,-20.745,-20.745,-20.745,-20.745,-20.745,-20.745,-20.745,-20.745,-20.745,-20.745,-20.745,-20.745,-20.745,-20.745
51.979,51.979,51.979,51.979,51.979,51.979,51.979,51.979,51.979,51.979,51.979,51.979,51.979,51.979,51.979,51.979,51.979,51.979,51.979,47.449,42.954,38.526,34.201,30.012,25.99,22.166,18.568,15.225,12.161,9.4007,6.964,4.8705,3.1351,1.7709,0.79012,0.19825,0,0.19825,0.79012,1.7709,3.1351,4.8705,6.964,9.4007,12.161,15.225,18.568,22.166,25.99,30.012,34.201,38.526,42.954,47.449,51.979,51.979,51.979,51.979,51.979,51.979,51.979,51.979,51.979,51.979,51.979,51.979,51.979,51.979,51.979,51.979,51.979,51.979,51.979
51.43,51.43,51.43,51.43,51.43,51.43,51.43,51.43,51.43,51.43,51.43,51.43,51.43,51.43,51.43,51.43,51.43,51.43,51.43,46.948,42.499,38.119,33.84,29.695,25.715,21.931,18.371,15.063,12.032,9.3006,6.8907,4.819,3.1015,1.7521,0.7812,0.19527,0,0.19527,0.7812,1.7521,3.1015,4.819,6.8907,9.3006,12.032,15.063,18.371,21.931,25.715,29.695,33.84,38.119,42.499,46.948,51.43,51.43,51.43,51.43,51.43,51.43,51.43,51.43,51.43,51.43,51.43,51.43,51.43,51.43,51.43,51.43,51.43,51.43,51.43
-16.36,-16.36,-16.36,-16.36,-16.36,-16.36,-16.36,-16.36,-16.36,-16.36,-16.36,-16.36,-16.36,-16.36,-16.36,-16.36,-16.36,-16.36,-16.36,-14.934,-13.519,-12.125,-10.765,-9.4464,-8.1799,-6.9767,-5.8439,-4.7917,-3.8272,-2.959,-2.1914,-1.5333,-0.98656,-0.55728,-0.24873,-0.062406,0,-0.062406,-0.24873,-0.55728,-0.98656,-1.5333,-2.1914,-2.959,-3.8272,-4.7917,-5.8439,-6.9767,-8.1799,-9.4464,-10.765,-12.125,-13.519,-14.934,-16.36,-16.36,-16.36,-16.36,-16.36,-16.36,-16.36,-16.36,-16.36,-16.36,-16.36,-16.36,-16.36,-16.36,-16.36,-16.36,-16.36,-16.36,-16.36
56.727,56.727,56.727,56.727,56.727,56.727,56.727,56.727,56.727,56.727,56.727,56.727,56.727,56.727,56.727,56.727,56.727,56.727,56.727,51.783,46.876,42.045,37.325,32.753,28.363,24.19,20.263,16.615,13.271,10.259,7.6003,5.3146,3.4209,1.9333,0.86208,0.21628,0,0.21628,0.86208,1.9333,3.4209,5.3146,7.6003,10.259,13.271,16.615,20.263,24.19,28.363,32.753,37.325,42.045,46.876,51.783,56.727,56.727,56.727,56.727,56.727,56.727,56.727,56.727,56.727,56.727,56.727,56.727,56.727,56.727,56.727,56.727,56.727,56.727,56.727
-125.68,-125.68,-125.68,-125.68,-125.68,-125.68,-125.68,-125.68,-125.68,-125.68,-125.68,-125.68,-125.68,-125.68,-125.68,-125.68,-125.68,-125.68,-125.68,-114.72,-103.85,-93.15,-82.693,-72.564,-62.838,-53.592,-44.893,-36.81,-29.403,-22.729,-16.838,-11.775,-7.5798,-4.2825,-1.909,-0.47805,0,-0.47805,-1.909,-4.2825,-7.5798,-11.775,-16.838,-22.729,-29.403,-36.81,-44.893,-53.592,-62.838,-72.564,-82.693,-93.15,-103.85,-114.72,-125.68,-125.68,-125.68,-125.68,-125.68,-125.68,-125.68,-125.68,-125.68,-125.68,-125.68,-125.68,-125.68,-125.68,-125.68,-125.68,-125.68,-125.68,-125.68
37.802,37.802,37.802,37.802,37.802,37.802,37.802,37.802,37.802,37.802,37.802,37.802,37.802,37.802,37.802,37.802,37.802,37.802,37.802,34.507,31.238,28.018,24.873,21.826,18.901,16.12,13.504,11.072,8.8438,6.836,5.0643,3.5422,2.2797,1.2879,0.57398,0.144,0,0.144,0.57398,1.2879,2.2797,3.5422,5.0643,6.836,8.8438,11.072,13.504,16.12,18.901,21.826,24.873,28.018,31.238,34.507,37.802,37.802,37.802,37.802,37.802,37.802,37.802,37.802,37.802,37.802,37.802,37.802,37.802,37.802,37.802,37.802,37.802,37.802,37.802
56.198,56.198,56.198,56.198,56.198,56.198,56.198,56.198,56.198,56.198,56.198,56.198,56.198,56.198,56.198,56.198,56.198,56.198,56.198,51.3,46.439,41.653,36.977,32.448,28.099,23.964,20.075,16.46,13.148,10.164,7.5289,5.2652,3.3896,1.9153,0.85386,0.21399,0,0.21399,0.85386,1.9153,3.3896,5.2652,7.5289,10.164,13.148,16.46,20.075,23.964,28.099,32.448,36.977,41.653,46.439,51.3,56.198,56.198,56.198,56.198,56.198,56.198,56.198,56.198,56.198,56.198,56.198,56.198,56.198,56.198,56.198,56.198,56.198,56.198,56.198
57.268,57.268,57.268,57.268,57.268,57.268,57.268,57.268,57.268,57.268,57.268,57.268,57.268,57.268,57.268,57.268,57.268,57.268,57.268,52.277,47.323,42.446,37.681,33.065,28.634,24.42,20.457,16.774,13.398,10.357,7.6726,5.3652,3.4535,1.951,0.87035,0.21807,0,0.21807,0.87035,1.951,3.4535,5.3652,7.6726,10.357,13.398,16.774,20.457,24.42,28.634,33.065,37.681,42.446,47.323,52.277,57.268,57.268,57.268,57.268,57.268,57.268,57.268,57.268,57.268,57.268,57.268,57.268,57.268,57.268,57.268,57.268,57.268,57.268,57.268
58.437,58.437,58.437,58.437,58.437,58.437,58.437,58.437,58.437,58.437,58.437,58.437,58.437,58.437,58.437,58.437,58.437,58.437,58.437,53.344,48.29,43.312,38.451,33.741,29.219,24.919,20.874,17.116,13.672,10.569,7.829,5.4755,3.5241,1.9909,0.88811,0.22225,0,0.22225,0.88811,1.9909,3.5241,5.4755,7.829,10.569,13.672,17.116,20.874,24.919,29.219,33.741,38.451,43.312,48.29,53.344,58.437,58.437,58.437,58.437,58.437,58.437,58.437,58.437,58.437,58.437,58.437,58.437,58.437,58.437,58.437,58.437,58.437,58.437,58.437
40.366,40.366,40.366,40.366,40.366,40.366,40.366,40.366,40.366,40.366,40.366,40.366,40.366,40.366,40.366,40.366,40.366,40.366,40.366,36.848,33.356,29.918,26.56,23.306,20.183,17.213,14.419,11.822,9.444,7.2996,5.4077,3.782,2.4345,1.3751,0.6132,0.15327,0,0.15327,0.6132,1.3751,2.4345,3.782,5.4077,7.2996,9.444,11.822,14.419,17.213,20.183,23.306,26.56,29.918,33.356,36.848,40.366,40.366,40.366,40.366,40.366,40.366,40.366,40.366,40.366,40.366,40.366,40.366,40.366,40.366,40.366,40.366,40.366,40.366,40.366
50.771,50.771,50.771,50.771,50.771,50.771,50.771,50.771,50.771,50.771,50.771,50.771,50.771,50.771,50.771,50.771,50.771,50.771,50.771,46.347,41.955,37.631,33.406,29.314,25.386,21.65,18.136,14.87,11.879,9.1817,6.8023,4.757,3.0615,1.7298,0.77116,0.19301,0,0.19301,0.77116,1.7298,3.0615,4.757,6.8023,9.1817,11.879,14.87,18.136,21.65,25.386,29.314,33.406,37.631,41.955,46.347,50.771,50.771,50.771,50.771,50.771,50.771,50.771,50.771,50.771,50.771,50.771,50.771,50.771,50.771,50.771,50.771,50.771,50.771,50.771
57.528,57.528,57.528,57.528,57.528,57.528,57.528,57.528,57.528,57.528,57.528,57.528,57.528,57.528,57.528,57.528,57.528,57.528,57.528,52.515,47.539,42.639,37.853,33.216,28.765,24.532,20.55,16.85,13.459,10.404,7.7074,5.3902,3.4698,1.96,0.87364,0.21912,0,0.21912,0.87364,1.96,3.4698,5.3902,7.7074,10.404,13.459,16.85,20.55,24.532,28.765,33.216,37.853,42.639,47.539,52.515,57.528,57.528,57.528,57.528,57.528,57.528,57.528,57.528,57.528,57.528,57.528,57.528,57.528,57.528,57.528,57.528,57.528,57.528,57.528
62.856,62.856,62.856,62.856,62.856,62.856,62.856,62.856,62.856,62.856,62.856,62.856,62.856,62.856,62.856,62.856,62.856,62.856,62.856,57.378,51.941,46.587,41.358,36.291,31.428,26.804,22.453,18.41,14.706,11.367,8.4206,5.8893,3.7902,2.1417,0.9553,0.23934,0,0.23934,0.9553,2.1417,3.7902,5.8893,8.4206,11.367,14.706,18.41,22.453,26.804,31.428,36.291,41.358,46.587,51.941,57.378,62.856,62.856,62.856,62.856,62.856,62.856,62.856,62.856,62.856,62.856,62.856,62.856,62.856,62.856,62.856,62.856,62.856,62.856,62.856
40.987,40.987,40.987,40.987,40.987,40.987,40.987,40.987,40.987,40.987,40.987,40.987,40.987,40.987,40.987,40.987,40.987,40.987,40.987,37.415,33.869,30.378,26.968,23.665,20.493,17.478,14.642,12.005,9.5896,7.4127,5.4917,3.8401,2.4716,1.3968,0.6225,0.15562,0,0.15562,0.6225,1.3968,2.4716,3.8401,5.4917,7.4127,9.5896,12.005,14.642,17.478,20.493,23.665,26.968,30.378,33.869,37.415,40.987,40.987,40.987,40.987,40.987,40.987,40.987,40.987,40.987,40.987,40.987,40.987,40.987,40.987,40.987,40.987,40.987,40.987,40.987
19.973,19.973,19.973,19.973,19.973,19.973,19.973,19.973,19.973,19.973,19.973,19.973,19.973,19.973,19.973,19.973,19.973,19.973,19.973,18.233,16.505,14.803,13.142,11.532,9.987,8.5174,7.1346,5.8498,4.6729,3.6119,2.6764,1.8718,1.2044,0.68023,0.30308,0.075548,0,0.075548,0.30308,0.68023,1.2044,1.8718,2.6764,3.6119,4.6729,5.8498,7.1346,8.5174,9.987,11.532,13.142,14.803,16.505,18.233,19.973,19.973,19.973,19.973,19.973,19.973,19.973,19.973,19.973,19.973,19.973,19.973,19.973,19.973,19.973,19.973,19.973,19.973,19.973
-88.799,-88.799,-88.799,-88.799,-88.799,-88.799,-88.799,-88.799,-88.799,-88.799,-88.799,-88.799,-88.799,-88.799,-88.799,-88.799,-88.799,-88.799,-88.799,-81.06,-73.379,-65.816,-58.428,-51.271,-44.399,-37.866,-31.72,-26.008,-20.775,-16.059,-11.897,-8.3202,-5.3551,-3.0253,-1.3491,-0.33827,0,-0.33827,-1.3491,-3.0253,-5.3551,-8.3202,-11.897,-16.059,-20.775,-26.008,-31.72,-37.866,-44.399,-51.271,-58.428,-65.816,-73.379,-81.06,-88.799,-88.799,-88.799,-88.799,-88.799,-88.799,-88.799,-88.799,-88.799,-88.799,-88.799,-88.799,-88.799,-88.799,-88.799,-88.799,-88.799,-88.799,-88.799
37.554,37.554,37.554,37.554,37.554,37.554,37.554,37.554,37.554,37.554,37.554,37.554,37.554,37.554,37.554,37.554,37.554,37.554,37.554,34.28,31.032,27.834,24.709,21.683,18.776,16.013,13.415,10.999,8.7855,6.7917,5.031,3.5185,2.2652,1.2793,0.57019,0.14253,0,0.14253,0.57019,1.2793,2.2652,3.5185,5.031,6.7917,8.7855,10.999,13.415,16.013,18.776,21.683,24.709,27.834,31.032,34.28,37.554,37.554,37.554,37.554,37.554,37.554,37.554,37.554,37.554,37.554,37.554,37.554,37.554,37.554,37.554,37.554,37.554,37.554,37.554
-81.002,-81.002,-81.002,-81.002,-81.002,-81.002,-81.002,-81.002,-81.002,-81.002,-81.002,-81.002,-81.002,-81.002,-81.002,-81.002,-81.002,-81.002,-81.002,-73.942,-66.936,-60.037,-53.298,-46.769,-40.501,-34.541,-28.935,-23.725,-18.951,-14.649,-10.853,-7.5893,-4.8851,-2.76,-1.2304,-0.30836,0,-0.30836,-1.2304,-2.76,-4.8851,-7.5893,-10.853,-14.649,-18.951,-23.725,-28.935,-34.541,-40.501,-46.769,-53.298,-60.037,-66.936,-73.942,-81.002,-81.002,-81.002,-81.002,-81.002,-81.002,-81.002,-81.002,-81.002,-81.002,-81.002,-81.002,-81.002,-81.002,-81.002,-81.002,-81.002,-81.002,-81.002
-18.605,-18.605,-18.605,-18.605,-18.605,-18.605,-18.605,-18.605,-18.605,-18.605,-18.605,-18.605,-18.605,-18.605,-18.605,-18.605,-18.605,-18.605,-18.605,-16.983,-15.374,-13.789,-12.241,-10.742,-9.3023,-7.9332,-6.6452,-5.4492,-4.3523,-3.3644,-2.4921,-1.7429,-1.1224,-0.63366,-0.28287,-0.070439,0,-0.070439,-0.28287,-0.63366,-1.1224,-1.7429,-2.4921,-3.3644,-4.3523,-5.4492,-6.6452,-7.9332,-9.3023,-10.742,-12.241,-13.789,-15.374,-16.983,-18.605,-18.605,-18.605,-18.605,-18.605,-18.605,-18.605,-18.605,-18.605,-18.605,-18.605,-18.605,-18.605,-18.605,-18.605,-18.605,-18.605,-18.605,-18.605
10.805,10.805,10.805,10.805,10.805,10.805,10.805,10.805,10.805,10.805,10.805,10.805,10.805,10.805,10.805,10.805,10.805,10.805,10.805,9.8631,8.9281,8.0084,7.1098,6.2387,5.4019,4.6077,3.8597,3.1651,2.5281,1.954,1.4478,1.0123,0.65141,0.36768,0.16465,0.04068,0,0.04068,0.16465,0.36768,0.65141,1.0123,1.4478,1.954,2.5281,3.1651,3.8597,4.6077,5.4019,6.2387,7.1098,8.0084,8.9281,9.8631,10.805,10.805,10.805,10.805,10.805,10.805,10.805,10.805,10.805,10.805,10.805,10.805,10.805,10.805,10.805,10.805,10.805,10.805,10.805
-33.356,-33.356,-33.356,-33.356,-33.356,-33.356,-33.356,-33.356,-33.356,-33.356,-33.356,-33.356,-33.356,-33.356,-33.356,-33.356,-33.356,-33.356,-33.356,-30.449,-27.563,-24.723,-21.948,-19.26,-16.678,-14.224,-11.915,-9.7699,-7.8033,-6.0326,-4.4689,-3.1252,-2.0116,-1.1366,-0.50698,-0.12702,0,-0.12702,-0.50698,-1.1366,-2.0116,-3.1252,-4.4689,-6.0326,-7.8033,-9.7699,-11.915,-14.224,-16.678,-19.26,-21.948,-24.723,-27.563,-30.449,-33.356,-33.356,-33.356,-33.356,-33.356,-33.356,-33.356,-33.356,-33.356,-33.356,-33.356,-33.356,-33.356,-33.356,-33.356,-33.356,-33.356,-33.356,-33.356
32.431,32.431,32.431,32.431,32.431,32.431,32.431,32.431,32.431,32.431,32.431,32.431,32.431,32.431,32.431,32.431,32.431,32.431,32.431,29.605,26.8,24.037,21.339,18.725,16.216,13.829,11.585,9.4989,7.5874,5.8649,4.3454,3.0387,1.9561,1.1049,0.49308,0.1233,0,0.1233,0.49308,1.1049,1.9561,3.0387,4.3454,5.8649,7.5874,9.4989,11.585,13.829,16.216,18.725,21.339,24.037,26.8,29.605,32.431,32.431,32.431,32.431,32.431,32.431,32.431,32.431,32.431,32.431,32.431,32.431,32.431,32.431,32.431,32.431,32.431,32.431,32.431
28.284,28.284,28.284,28.284,28.284,28.284,28.284,28.284,28.284,28.284,28.284,28.284,28.284,28.284,28.284,28.284,28.284,28.284,28.284,25.819,23.372,20.963,18.61,16.331,14.142,12.061,10.103,8.2838,6.6176,5.115,3.7895,2.65,1.7054,0.96364,0.42921,0.10757,0,0.10757,0.42921,0.96364,1.7054,2.65,3.7895,5.115,6.6176,8.2838,10.103,12.061,14.142,16.331,18.61,20.963,23.372,25.819,28.284,28.284,28.284,28.284,28.284,28.284,28.284,28.284,28.284,28.284,28.284,28.284,28.284,28.284,28.284,28.284,28.284,28.284,28.284
-35.758,-35.758,-35.758,-35.758,-35.758,-35.758,-35.758,-35.758,-35.758,-35.758,-35.758,-35.758,-35.758,-35.758,-35.758,-35.758,-35.758,-35.758,-35.758,-32.641,-29.549,-26.503,-23.528,-20.646,-17.879,-15.248,-12.773,-10.473,-8.3661,-6.4671,-4.7903,-3.3506,-2.1567,-1.2184,-0.54358,-0.13614,0,-0.13614,-0.54358,-1.2184,-2.1567,-3.3506,-4.7903,-6.4671,-8.3661,-10.473,-12.773,-15.248,-17.879,-20.646,-23.528,-26.503,-29.549,-32.641,-35.758,-35.758,-35.758,-35.758,-35.758,-35.758,-35.758,-35.758,-35.758,-35.758,-35.758,-35.758,-35.758,-35.758,-35.758,-35.758,-35.758,-35.758,-35.758
-8.6304,-8.6304,-8.6304,-8.6304,-8.6304,-8.6304,-8.6304,-8.6304,-8.6304,-8.6304,-8.6304,-8.6304,-8.6304,-8.6304,-8.6304,-8.6304,-8.6304,-8.6304,-8.6304,-7.8778,-7.1319,-6.3964,-5.6781,-4.9827,-4.3152,-3.6805,-3.0826,-2.5278,-2.0193,-1.5605,-1.1562,-0.80893,-0.52076,-0.29378,-0.13129,-0.032797,0,-0.032797,-0.13129,-0.29378,-0.52076,-0.80893,-1.1562,-1.5605,-2.0193,-2.5278,-3.0826,-3.6805,-4.3152,-4.9827,-5.6781,-6.3964,-7.1319,-7.8778,-8.6304,-8.6304,-8.6304,-8.6304,-8.6304,-8.6304,-8.6304,-8.6304,-8.6304,-8.6304,-8.6304,-8.6304,-8.6304,-8.6304,-8.6304,-8.6304,-8.6304,-8.6304,-8.6304
-19.555,-19.555,-19.555,-19.555,-19.555,-19.555,-19.555,-19.555,-19.555,-19.555,-19.555,-19.555,-19.555,-19.555,-19.555,-19.555,-19.555,-19.555,-19.555,-17.851,-16.16,-14.494,-12.867,-11.291,-9.7777,-8.3387,-6.9858,-5.7281,-4.5748,-3.5362,-2.62,-1.8317,-1.1793,-0.66588,-0.29666,-0.074139,0,-0.074139,-0.29666,-0.66588,-1.1793,-1.8317,-2.62,-3.5362,-4.5748,-5.7281,-6.9858,-8.3387,-9.7777,-11.291,-12.867,-14.494,-16.16,-17.851,-19.555,-19.555,-19.555,-19.555,-19.555,-19.555,-19.555,-19.555,-19.555,-19.555,-19.555,-19.555,-19.555,-19.555,-19.555,-19.555,-19.555,-19.555,-19.555
-104.99,-104.99,-104.99,-104.99,-104.99,-104.99,-104.99,-104.99,-104.99,-104.99,-104.99,-104.99,-104.99,-104.99,-104.99,-104.99,-104.99,-104.99,-104.99,-95.837,-86.756,-77.815,-69.079,-60.618,-52.494,-44.77,-37.502,-30.75,-24.562,-18.987,-14.066,-9.8362,-6.3316,-3.5778,-1.5949,-0.39945,0,-0.39945,-1.5949,-3.5778,-6.3316,-9.8362,-14.066,-18.987,-24.562,-30.75,-37.502,-44.77,-52.494,-60.618,-69.079,-77.815,-86.756,-95.837,-104.99,-104.99,-104.99,-104.99,-104.99,-104.99,-104.99,-104.99,-104.99,-104.99,-104.99,-104.99,-104.99,-104.99,-104.99,-104.99,-104.99,-104.99,-104.99
-27.205,-27.205,-27.205,-27.205,-27.205,-27.205,-27.205,-27.205,-27.205,-27.205,-27.205,-27.205,-27.205,-27.205,-27.205,-27.205,-27.205,-27.205,-27.205,-24.834,-22.482,-20.165,-17.901,-15.708,-13.603,-11.601,-9.718,-7.9683,-6.3646,-4.9205,-3.6453,-2.5494,-1.6412,-0.92696,-0.41292,-0.10324,0,-0.10324,-0.41292,-0.92696,-1.6412,-2.5494,-3.6453,-4.9205,-6.3646,-7.9683,-9.718,-11.601,-13.603,-15.708,-17.901,-20.165,-22.482,-24.834,-27.205,-27.205,-27.205,-27.205,-27.205,-27.205,-27.205,-27.205,-27.205,-27.205,-27.205,-27.205,-27.205,-27.205,-27.205,-27.205,-27.205,-27.205,-27.205
37.253,37.253,37.253,37.253,37.253,37.253,37.253,37.253,37.253,37.253,37.253,37.253,37.253,37.253,37.253,37.253,37.253,37.253,37.253,34.006,30.784,27.611,24.512,21.509,18.626,15.885,13.307,10.911,8.7151,6.7369,4.9914,3.4898,2.2464,1.269,0.56626,0.14184,0,0.14184,0.56626,1.269,2.2464,3.4898,4.9914,6.7369,8.7151,10.911,13.307,15.885,18.626,21.509,24.512,27.611,30.784,34.006,37.253,37.253,37.253,37.253,37.253,37.253,37.253,37.253,37.253,37.253,37.253,37.253,37.253,37.253,37.253,37.253,37.253,37.253,37.253
-119.33,-119.33,-119.33,-119.33,-119.33,-119.33,-119.33,-119.33,-119.33,-119.33,-119.33,-119.33,-119.33,-119.33,-119.33,-119.33,-119.33,-119.33,-119.33,-108.93,-98.611,-88.448,-78.519,-68.9,-59.666,-50.886,-42.628,-34.952,-27.918,-21.582,-15.988,-11.181,-7.1971,-4.0662,-1.813,-0.4537,0,-0.4537,-1.813,-4.0662,-7.1971,-11.181,-15.988,-21.582,-27.918,-34.952,-42.628,-50.886,-59.666,-68.9,-78.519,-88.448,-98.611,-108.93,-119.33,-119.33,-119.33,-119.33,-119.33,-119.33,-119.33,-119.33,-119.33,-119.33,-119.33,-119.33,-119.33,-119.33,-119.33,-119.33,-119.33,-119.33,-119.33
-16.087,-16.087,-16.087,-16.087,-16.087,-16.087,-16.087,-16.087,-16.087,-16.087,-16.087,-16.087,-16.087,-16.087,-16.087,-16.087,-16.087,-16.087,-16.087,-14.685,-13.294,-11.923,-10.585,-9.2877,-8.0429,-6.8601,-5.7463,-4.712,-3.7639,-2.9097,-2.1548,-1.5067,-0.96992,-0.54772,-0.24438,-0.061106,0,-0.061106,-0.24438,-0.54772,-0.96992,-1.5067,-2.1548,-2.9097,-3.7639,-4.712,-5.7463,-6.8601,-8.0429,-9.2877,-10.585,-11.923,-13.294,-14.685,-16.087,-16.087,-16.087,-16.087,-16.087,-16.087,-16.087,-16.087,-16.087,-16.087,-16.087,-16.087,-16.087,-16.087,-16.087,-16.087,-16.087,-16.087,-16.087
